{"cameraMode":{"drawMode":0,"name":"Shaded","section":"Shading Mode"},"sceneLighting":false,"audioPlay":false,"sceneViewState":{"m_AlwaysRefresh":false,"showFog":true,"showSkybox":true,"showFlares":true,"showImageEffects":true,"showParticleSystems":true,"showVisualEffectGraphs":true,"m_FxEnabled":true},"in2DMode":false,"pivot":{"x":284.3424987792969,"y":79.65238189697266,"z":183.98492431640626},"rotation":{"x":0.049169428646564487,"y":-0.008400681428611279,"z":-0.0004005742957815528,"w":-0.9987670183181763},"size":306.5516357421875,"orthographic":false}