{"cameraMode":{"drawMode":0,"name":"Shaded","section":"Shading Mode"},"sceneLighting":false,"audioPlay":false,"sceneViewState":{"m_AlwaysRefresh":false,"showFog":true,"showSkybox":true,"showFlares":true,"showImageEffects":true,"showParticleSystems":true,"showVisualEffectGraphs":true,"m_FxEnabled":true},"in2DMode":false,"pivot":{"x":78.04568481445313,"y":0.1737518310546875,"z":26.586082458496095},"rotation":{"x":0.07097908109426499,"y":0.9020485281944275,"z":-0.16275142133235932,"w":0.3934530019760132},"size":34.915992736816409,"orthographic":false}